{
  "project_info": {
    "project_number": "276186307832",
    "firebase_url": "https://csconnect-904d1.firebaseio.com",
    "project_id": "csconnect-904d1",
    "storage_bucket": "csconnect-904d1.appspot.com"
  },
  "client": [
    {
      "client_info": {
        "mobilesdk_app_id": "1:276186307832:android:b4245d5f17b0a30f",
        "android_client_info": {
          "package_name": "edu.uga.cs.cs_connect"
        }
      },
      "oauth_client": [
        {
          "client_id": "276186307832-0vonrltebf0gvb8qpbpsv3pm19jncucq.apps.googleusercontent.com",
          "client_type": 1,
          "android_info": {
            "package_name": "edu.uga.cs.cs_connect",
            "certificate_hash": "77c9be628236a5469ef491ea2693dd0c491dd190"
          }
        },
        {
          "client_id": "276186307832-vfb4sr3n94ihbb87vd3kgoi9ftb8mcat.apps.googleusercontent.com",
          "client_type": 1,
          "android_info": {
            "package_name": "edu.uga.cs.cs_connect",
            "certificate_hash": "77d5f82b4a18bb9ecb96d2f48928c6458ce038c4"
          }
        },
        {
          "client_id": "276186307832-jruahbus9t2081phi0a2ld2q2h3pk1tq.apps.googleusercontent.com",
          "client_type": 3
        }
      ],
      "api_key": [
        {
          "current_key": "AIzaSyD4IJkxE7gUQ0tfyNVrw7zPUhcjTMT0bmI"
        }
      ],
      "services": {
        "appinvite_service": {
          "other_platform_oauth_client": [
            {
              "client_id": "276186307832-jruahbus9t2081phi0a2ld2q2h3pk1tq.apps.googleusercontent.com",
              "client_type": 3
            }
          ]
        }
      }
    }
  ],
  "configuration_version": "1"
}